Rank,Name,Platform,Year,Genre,Publisher,NA_Sales,EU_Sales,JP_Sales,Other_Sales,Global_Sales
222,FIFA 17,PS4,2016,Sports,Electronic Arts,0.28,3.75,0.06,0.69,4.77
272,Uncharted 4: A Thief's End,PS4,2016,Shooter,Sony Computer Entertainment,1.3,2.07,0.18,0.65,4.2
352,Tom Clancy's The Division,PS4,2016,Shooter,Ubisoft,1.28,1.61,0.15,0.57,3.61
772,Far Cry: Primal,PS4,2016,Action,Ubisoft,0.59,1.16,0.06,0.33,2.13
847,Tom Clancy's The Division,XOne,2016,Shooter,Ubisoft,1.2,0.62,0,0.18,2.01
1028,Overwatch,PS4,2016,Shooter,Activision,0.64,0.68,0.14,0.26,1.73
1158,No Man's Sky,PS4,2016,Action,Hello Games,0.58,0.74,0.02,0.26,1.6
1191,Dark Souls III,PS4,2016,Role-Playing,Namco Bandai Games,0.58,0.44,0.33,0.21,1.56
1226,FIFA 17,XOne,2016,Sports,Electronic Arts,0.17,1.26,0,0.1,1.53
1391,Doom (2016),PS4,2016,Shooter,Bethesda Softworks,0.49,0.66,0.02,0.22,1.39
1570,Yokai Watch 3,3DS,2016,Action,Level 5,0,0,1.27,0,1.27
1630,Madden NFL 17,PS4,2016,Sports,Electronic Arts,0.92,0.08,0,0.23,1.23
1703,NBA 2K17,PS4,2016,Sports,Take-Two Interactive,0.83,0.14,0,0.22,1.19
1729,Ratchet & Clank (2016),PS4,2016,Platform,Sony Computer Entertainment,0.32,0.64,0.04,0.18,1.17
1960,Naruto Shippuden: Ultimate Ninja Storm 4,PS4,2016,Fighting,Namco Bandai Games,0.39,0.41,0.1,0.16,1.06
2214,The Legend of Zelda: Twilight Princess HD,WiiU,2016,Action,Nintendo,0.48,0.3,0.08,0.08,0.94
2244,Pokken Tournament,WiiU,2016,Fighting,Namco Bandai Games,0.47,0.22,0.16,0.07,0.93
2344,EA Sports UFC 2,PS4,2016,Sports,Electronic Arts,0.28,0.47,0,0.14,0.89
2436,Far Cry: Primal,XOne,2016,Action,Ubisoft,0.46,0.32,0,0.07,0.85
2446,Overwatch,XOne,2016,Shooter,Activision,0.52,0.25,0,0.08,0.85
2450,Kirby: Planet Robobot,3DS,2016,Action,Nintendo,0.26,0.1,0.44,0.04,0.85
2459,MLB 16: The Show,PS4,2016,Action,Sony Computer Entertainment,0.68,0,0,0.16,0.84
2507,Madden NFL 17,XOne,2016,Sports,Electronic Arts,0.72,0.02,0,0.09,0.82
2513,Street Fighter V,PS4,2016,Fighting,Capcom,0.35,0.26,0.08,0.13,0.82
2993,Doom (2016),XOne,2016,Shooter,Bethesda Softworks,0.39,0.23,0,0.06,0.68
3147,NBA 2K17,XOne,2016,Sports,Take-Two Interactive,0.54,0.04,0,0.07,0.64
3151,LEGO Marvel's Avengers,PS4,2016,Action,Warner Bros. Interactive Entertainment,0.25,0.29,0,0.1,0.64
3223,Dragon Quest Monsters Joker 3,3DS,2016,Role-Playing,Square Enix,0,0,0.63,0,0.63
3650,Yokai Sangokushi,3DS,2016,Action,Level 5,0,0,0.55,0,0.55
3748,Lego Star Wars: The Force Awakens,PS4,2016,Action,Warner Bros. Interactive Entertainment,0.14,0.32,0,0.08,0.54
3929,Quantum Break,XOne,2016,Action,Microsoft Game Studios,0.27,0.19,0.01,0.04,0.51
4263,Mario & Sonic at the Rio 2016 Olympic Games,3DS,2016,Action,Nintendo,0.04,0.16,0.24,0.01,0.46
4352,Plants vs. Zombies: Garden Warfare 2,PS4,2016,Shooter,Electronic Arts,0.17,0.21,0,0.07,0.45
4432,Plants vs. Zombies: Garden Warfare 2,XOne,2016,Shooter,Electronic Arts,0.26,0.15,0,0.04,0.44
4511,Overwatch,PC,2016,Shooter,Activision,0.22,0.18,0,0.04,0.43
4515,Minecraft,WiiU,2016,Misc,Microsoft Game Studios,0.18,0.09,0.14,0.03,0.43
4660,Hyrule Warriors,3DS,2016,Action,Nintendo,0.16,0.12,0.11,0.03,0.42
4822,EA Sports UFC 2,XOne,2016,Sports,Electronic Arts,0.23,0.14,0,0.04,0.4
5017,Forza Horizon 3,XOne,2016,Racing,Microsoft Game Studios,0.15,0.2,0,0.03,0.38
5058,FIFA 17,PS3,2016,Sports,Electronic Arts,0.02,0.29,0.01,0.05,0.38
5098,Life is Strange,PS4,2016,Adventure,Square Enix,0.14,0.15,0.03,0.06,0.37
5106,Tom Clancy's The Division,PC,2016,Shooter,Ubisoft,0.2,0.14,0,0.03,0.37
5174,Resident Evil Zero,PS4,2016,Action,Capcom,0.09,0.17,0.05,0.05,0.36
5270,Dark Souls III,XOne,2016,Role-Playing,Namco Bandai Games,0.23,0.09,0,0.03,0.35
5290,Star Fox: Zero,WiiU,2016,Shooter,Nintendo,0.16,0.1,0.07,0.03,0.35
5385,LEGO Marvel's Avengers,X360,2016,Action,Warner Bros. Interactive Entertainment,0.17,0.15,0,0.03,0.34
5428,Persona 5,PS4,2016,Role-Playing,Atlus,0,0,0.34,0,0.34
5501,Deus Ex: Mankind Divided,PS4,2016,Role-Playing,Square Enix,0.1,0.18,0,0.05,0.33
5597,LEGO Marvel's Avengers,XOne,2016,Action,Warner Bros. Interactive Entertainment,0.18,0.11,0,0.03,0.32
5623,TrackMania Turbo,PS4,2016,Action,Ubisoft,0.03,0.24,0,0.05,0.32
5635,DiRT Rally,PS4,2016,Racing,Codemasters,0.03,0.24,0,0.05,0.32
5663,Mirror's Edge Catalyst,PS4,2016,Platform,Electronic Arts,0.1,0.14,0.02,0.06,0.32
5698,LEGO Marvel's Avengers,PS3,2016,Action,Warner Bros. Interactive Entertainment,0.1,0.17,0,0.05,0.32
5731,Homefront: The Revolution,PS4,2016,Shooter,Deep Silver,0.05,0.19,0.03,0.04,0.31
5924,Star Ocean 5: Integrity and Faithlessness,PS4,2016,Role-Playing,Square Enix,0.06,0.07,0.14,0.02,0.3
5931,Dragon Quest Builders: Revive Alefgard,PSV,2016,Role-Playing,Square Enix,0,0,0.3,0,0.3
6089,World of Warcraft: Legion,PC,2016,Role-Playing,Activision,0.14,0.12,0,0.02,0.29
6126,One Piece: Burning Blood,PS4,2016,Fighting,Namco Bandai Games,0.1,0.08,0.07,0.04,0.28
6138,Pro Evolution Soccer 2017,PS4,2016,Sports,Konami Digital Entertainment,0.01,0.16,0.09,0.03,0.28
6159,Naruto Shippuden: Ultimate Ninja Storm 4,XOne,2016,Fighting,Namco Bandai Games,0.19,0.06,0,0.03,0.28
6205,Dragon Quest Heroes II: Twin Kings and the Prophecy's End,PS4,2016,Action,Square Enix,0,0,0.28,0,0.28
6207,UEFA Euro 2016,PS4,2016,Sports,Konami Digital Entertainment,0,0.21,0.03,0.03,0.28
6382,F1 2016 (Codemasters),PS4,2016,Racing,Codemasters,0.01,0.21,0.01,0.04,0.27
6392,Ace Attorney 6,3DS,2016,Adventure,Capcom,0,0,0.27,0,0.27
6590,Mario & Sonic at the Rio 2016 Olympic Games,WiiU,2016,Action,Nintendo,0.03,0.11,0.1,0.01,0.26
6912,Lego Star Wars: The Force Awakens,XOne,2016,Action,Warner Bros. Interactive Entertainment,0.12,0.1,0,0.02,0.24
6957,LEGO Marvel's Avengers,WiiU,2016,Action,Warner Bros. Interactive Entertainment,0.12,0.09,0,0.02,0.23
6974,LEGO Marvel's Avengers,PSV,2016,Action,Warner Bros. Interactive Entertainment,0.07,0.11,0,0.05,0.23
7062,Dragon Quest Heroes II: Twin Kings and the Prophecy's End,PSV,2016,Action,Square Enix,0,0,0.23,0,0.23
7074,Rocket League,PS4,2016,Sports,505 Games,0.02,0.14,0,0.07,0.23
7182,Battleborn,PS4,2016,Shooter,Take-Two Interactive,0.09,0.08,0.01,0.04,0.22
7222,Dragon Quest Builders: Revive Alefgard,PS4,2016,Role-Playing,Square Enix,0,0,0.22,0,0.22
7248,Tales of Berseria,PS4,2016,Role-Playing,Namco Bandai Games,0,0,0.22,0,0.22
7499,Attack on Titan (KOEI),PS4,2016,Action,Tecmo Koei,0.02,0.06,0.11,0.02,0.2
7566,XCOM 2,PC,2016,Strategy,Take-Two Interactive,0.09,0.1,0,0.02,0.2
7577,NHL 17,PS4,2016,Sports,Electronic Arts,0.13,0.04,0,0.04,0.2
7653,BioShock The Collection,PS4,2016,Shooter,Take-Two Interactive,0.05,0.11,0.01,0.03,0.2
7674,Puzzle & Dragons X: God Chapter / Dragon Chapter,3DS,2016,Action,GungHo,0,0,0.2,0,0.2
7723,Mega Man Legacy Collection,3DS,2016,Platform,Capcom,0.13,0,0.05,0.02,0.2
7814,Story of Seasons: Good Friends of the Three Villages,3DS,2016,Simulation,Marvelous Interactive,0,0,0.19,0,0.19
7850,Kan Colle Kai,PSV,2016,Action,Kadokawa Games,0,0,0.19,0,0.19
7894,The Heavy Rain and Beyond: Two Souls Collection,PS4,2016,Action,Sony Computer Entertainment,0,0.16,0,0.03,0.19
8065,LEGO Marvel's Avengers,3DS,2016,Action,Warner Bros. Interactive Entertainment,0.07,0.08,0.01,0.01,0.18
8089,Odin Sphere: Leifthrasir,PS4,2016,Role-Playing,Nippon Ichi Software,0.06,0.03,0.07,0.02,0.18
8140,Doom (2016),PC,2016,Shooter,Bethesda Softworks,0.06,0.1,0,0.01,0.18
8192,FIFA 17,X360,2016,Sports,Electronic Arts,0.03,0.13,0,0.01,0.18
8223,Jikkyou Powerful Pro Baseball 2016,PSV,2016,Sports,Konami Digital Entertainment,0,0,0.17,0,0.17
8295,Shin Megami Tensei IV: Final,3DS,2016,Role-Playing,Deep Silver,0.03,0,0.14,0,0.17
8402,Jikkyou Powerful Pro Baseball 2016,PS4,2016,Sports,Konami Digital Entertainment,0,0,0.17,0,0.17
8411,Valkyria Chronicles,PS4,2016,Role-Playing,Sega,0.06,0.04,0.05,0.02,0.17
8446,Dragon Ball: Fusions,3DS,2016,Role-Playing,Namco Bandai Games,0,0,0.17,0,0.17
8468,MLB 16: The Show,PS3,2016,Action,Sony Computer Entertainment,0.13,0,0,0.03,0.16
8659,Yakuza Kiwami,PS4,2016,Adventure,Sega,0,0,0.16,0,0.16
8753,NHL 17,XOne,2016,Sports,Electronic Arts,0.13,0.01,0,0.02,0.15
8862,Mirror's Edge Catalyst,XOne,2016,Platform,Electronic Arts,0.08,0.05,0,0.02,0.15
8874,Odin Sphere: Leifthrasir,PSV,2016,Role-Playing,Nippon Ichi Software,0.02,0.03,0.08,0.02,0.15
8949,Deus Ex: Mankind Divided,XOne,2016,Role-Playing,Square Enix,0.08,0.06,0,0.01,0.15
9252,Far Cry: Primal,PC,2016,Action,Ubisoft,0.04,0.09,0,0.01,0.14
9440,Attack on Titan (KOEI),PSV,2016,Action,Tecmo Koei,0,0,0.13,0,0.13
9540,Dragon Quest Heroes II: Twin Kings and the Prophecy's End,PS3,2016,Action,Square Enix,0,0,0.13,0,0.13
9648,Battleborn,XOne,2016,Shooter,Take-Two Interactive,0.08,0.04,0,0.01,0.13
9682,Lego Star Wars: The Force Awakens,PS3,2016,Action,Warner Bros. Interactive Entertainment,0.03,0.07,0,0.02,0.12
9702,Homefront: The Revolution,XOne,2016,Shooter,Deep Silver,0.05,0.07,0,0.01,0.12
9713,Rocket League,XOne,2016,Sports,505 Games,0.03,0.09,0,0.01,0.12
9813,Gundam Breaker 3,PSV,2016,Action,Namco Bandai Games,0,0,0.12,0,0.12
9880,7 Days to Die,PS4,2016,Action,Telltale Games,0.03,0.07,0,0.02,0.12
9900,Hatsune Miku: Project Diva X,PSV,2016,Misc,Sega,0.01,0,0.1,0,0.12
9902,Assassin's Creed Chronicles,PSV,2016,Action,Ubisoft,0.02,0.06,0.01,0.02,0.12
9906,Dragon Quest Builders: Revive Alefgard,PS3,2016,Role-Playing,Square Enix,0,0,0.12,0,0.12
9911,Etrian Odyssey V,3DS,2016,Role-Playing,Atlus,0,0,0.12,0,0.12
9924,Yakuza Kiwami,PS3,2016,Adventure,Sega,0,0,0.12,0,0.12
9995,Dead Island Definitive Collection,PS4,2016,Action,Deep Silver,0.02,0.07,0.01,0.02,0.12
10040,DiRT Rally,XOne,2016,Racing,Codemasters,0.03,0.08,0,0.01,0.11
10042,UEFA Euro 2016,PS3,2016,Sports,Konami Digital Entertainment,0,0.08,0.02,0.01,0.11
10049,Life is Strange,XOne,2016,Adventure,Square Enix,0.08,0.02,0,0.01,0.11
10158,Jikkyou Powerful Pro Baseball 2016,PS3,2016,Sports,Konami Digital Entertainment,0,0,0.11,0,0.11
10233,Tales of Berseria,PS3,2016,Role-Playing,Namco Bandai Games,0,0,0.11,0,0.11
10266,One Piece: Burning Blood,PSV,2016,Fighting,Namco Bandai Games,0,0.03,0.07,0.01,0.11
10285,Digimon Story: Cyber Sleuth,PS4,2016,Role-Playing,Namco Bandai Games,0,0.09,0,0.02,0.11
10365,Lego Star Wars: The Force Awakens,X360,2016,Action,Warner Bros. Interactive Entertainment,0.04,0.06,0,0.01,0.11
10395,Toukiden 2,PSV,2016,Action,Tecmo Koei,0,0,0.11,0,0.11
10593,Total War: WARHAMMER,PC,2016,Strategy,Sega,0,0.1,0,0.01,0.1
10733,Rise of the Tomb Raider,PC,2016,Adventure,Square Enix,0,0.09,0,0.01,0.1
10735,Persona 5,PS3,2016,Role-Playing,Unknown,0,0,0.1,0,0.1
10816,ReCore,XOne,2016,Action,Microsoft Game Studios,0.06,0.03,0,0.01,0.1
10829,Taiko no Tatsujin: Don Don! Mystery Adventure,3DS,2016,Action,Namco Bandai Games,0,0,0.09,0,0.09
10846,Gundam Breaker 3,PS4,2016,Action,Namco Bandai Games,0,0,0.09,0,0.09
10854,The King of Fighters XIV,PS4,2016,Fighting,Deep Silver,0.04,0.01,0.03,0.01,0.09
10891,Digimon World: Next Order,PSV,2016,Action,Namco Bandai Games,0,0,0.09,0,0.09
10914,Lego Star Wars: The Force Awakens,PSV,2016,Action,Warner Bros. Interactive Entertainment,0.02,0.05,0,0.02,0.09
10956,The Idolmaster: Platinum Stars,PS4,2016,Simulation,Namco Bandai Games,0,0,0.09,0,0.09
11012,Disney Art Academy,3DS,2016,Action,Nintendo,0.01,0.01,0.07,0,0.09
11067,Super Robot Wars OG: The Moon Dwellers,PS4,2016,Misc,Namco Bandai Games,0,0,0.09,0,0.09
11142,F1 2016 (Codemasters),XOne,2016,Racing,Codemasters,0.01,0.07,0,0.01,0.09
11169,Lego Star Wars: The Force Awakens,WiiU,2016,Action,Warner Bros. Interactive Entertainment,0.04,0.04,0,0.01,0.09
11244,Ys VIII: Lacrimosa of Dana,PSV,2016,Role-Playing,Nihon Falcom Corporation,0,0,0.09,0,0.09
11426,Toukiden 2,PS4,2016,Action,Tecmo Koei,0,0,0.08,0,0.08
11522,MXGP 2,PS4,2016,Racing,Milestone S.r.l.,0.02,0.05,0,0.01,0.08
11552,BioShock The Collection,XOne,2016,Shooter,Take-Two Interactive,0.03,0.04,0,0.01,0.08
11566,Madden NFL 17,X360,2016,Sports,Electronic Arts,0.06,0.01,0,0.01,0.08
11583,Assassin's Creed Chronicles,PS4,2016,Action,Ubisoft,0.01,0.05,0.01,0.01,0.08
11620,Terraria,3DS,2016,Action,505 Games,0,0.03,0.04,0,0.08
11706,Madden NFL 17,PS3,2016,Sports,Electronic Arts,0.05,0.01,0,0.01,0.08
11744,Mega Man Legacy Collection,PS4,2016,Platform,Capcom,0.06,0,0,0.01,0.07
11805,Resident Evil Zero,XOne,2016,Action,Capcom,0.05,0.02,0,0.01,0.07
11843,Teenage Mutant Ninja Turtles: Mutants in Manhattan,PS4,2016,Action,Activision,0.04,0.02,0,0.01,0.07
11897,Guilty Gear Xrd -Revelator-,PS4,2016,Fighting,PQube,0.02,0,0.05,0,0.07
12007,Battleborn,PC,2016,Shooter,Take-Two Interactive,0.03,0.03,0,0.01,0.07
12014,Guilty Gear Xrd -Revelator-,PS3,2016,Fighting,PQube,0.01,0.02,0.02,0.01,0.07
12135,Resident Evil 6,PS4,2016,Shooter,Capcom,0.05,0,0,0.01,0.07
12236,Lego Star Wars: The Force Awakens,3DS,2016,Action,Warner Bros. Interactive Entertainment,0.02,0.04,0,0,0.07
12390,Song of the Deep,PS4,2016,Action,Insomniac Games,0.05,0,0,0.01,0.06
12404,Valentino Rossi: The Game,PS4,2016,Racing,Namco Bandai Games,0.01,0.05,0,0.01,0.06
12414,Pro Evolution Soccer 2017,PS3,2016,Sports,Konami Digital Entertainment,0,0.01,0.04,0,0.06
12434,Zero Escape: Zero Time Dilemma,3DS,2016,Adventure,Aksys Games,0.04,0,0.01,0.01,0.06
12452,Zero Escape: Zero Time Dilemma,PSV,2016,Adventure,Aksys Games,0.03,0,0.02,0.01,0.06
12490,Odin Sphere: Leifthrasir,PS3,2016,Role-Playing,Nippon Ichi Software,0.01,0.02,0.03,0.01,0.06
12525,Destiny: The Collection,PS4,2016,Shooter,Activision,0.01,0.04,0,0.01,0.06
12565,Attack on Titan (KOEI),PS3,2016,Action,Tecmo Koei,0,0,0.06,0,0.06
12581,TrackMania Turbo,XOne,2016,Action,Ubisoft,0.02,0.03,0,0,0.06
12593,Summon Night 6: Lost Borders,PSV,2016,Action,Namco Bandai Games,0,0,0.06,0,0.06
12618,Ansatsu Kyoushitsu: Assassin Ikusei Keikaku!!,3DS,2016,Action,Namco Bandai Games,0,0,0.06,0,0.06
12633,Super Robot Wars OG: The Moon Dwellers,PS3,2016,Misc,Namco Bandai Games,0,0,0.06,0,0.06
12646,Project Setsuna,PS4,2016,Role-Playing,Square Enix,0,0,0.06,0,0.06
12685,Sumikko Gurashi: Mura o Tsukurundesu,3DS,2016,Misc,Nippon Columbia,0,0,0.06,0,0.06
12837,Kamen Rider: Battride War Genesis,PS4,2016,Action,Namco Bandai Games,0,0,0.05,0,0.05
12871,NBA 2K17,X360,2016,Sports,Take-Two Interactive,0.04,0,0,0.01,0.05
12901,Dark Souls III,PC,2016,Role-Playing,Namco Bandai Games,0,0.05,0,0,0.05
12915,Uta no Prince-Sama: Music 3,PSV,2016,Action,Broccoli,0,0,0.05,0,0.05
12927,ZombiU,PS4,2016,Action,Ubisoft,0,0.04,0.01,0.01,0.05
12932,Teenage Mutant Ninja Turtles: Mutants in Manhattan,PS3,2016,Action,Activision,0.01,0.03,0,0.01,0.05
12934,Utawarerumono: Futari no Hakuoro,PSV,2016,Misc,Aqua Plus,0,0,0.05,0,0.05
12940,FIFA 17,PC,2016,Sports,Electronic Arts,0,0.05,0,0,0.05
12956,Culdcept Revolt,3DS,2016,Strategy,Nintendo,0,0,0.05,0,0.05
12989,Dead or Alive Xtreme 3: Fortune,PS4,2016,Sports,Tecmo Koei,0,0,0.05,0,0.05
13022,Project Setsuna,PSV,2016,Role-Playing,Square Enix,0,0,0.05,0,0.05
13031,Assetto Corsa,PS4,2016,Racing,505 Games,0,0.04,0,0.01,0.05
13046,Street Fighter V,PC,2016,Fighting,Capcom,0,0.05,0,0,0.05
13082,Caligula,PSV,2016,Role-Playing,FuRyu,0,0,0.05,0,0.05
13097,The Technomancer,PS4,2016,Role-Playing,Focus Home Interactive,0.01,0.03,0,0.01,0.05
13102,Mirror's Edge Catalyst,PC,2016,Platform,Electronic Arts,0.01,0.03,0,0.01,0.05
13172,Pro Cycling Manager 2016,PS4,2016,Sports,Focus Home Interactive,0,0.04,0,0.01,0.05
13176,MXGP 2,XOne,2016,Racing,Milestone S.r.l.,0.02,0.02,0,0,0.05
13234,NBA 2K17,PS3,2016,Sports,Take-Two Interactive,0.03,0.01,0,0.01,0.05
13269,Kamen Rider: Battride War Genesis,PSV,2016,Action,Namco Bandai Games,0,0,0.05,0,0.05
13437,Mighty No. 9,PS4,2016,Platform,Deep Silver,0.04,0,0,0.01,0.05
13438,Plants vs. Zombies: Garden Warfare 2,PC,2016,Shooter,Electronic Arts,0,0.04,0,0,0.05
13489,Nobunaga's Ambition: Sphere of Influence - Sengoku Risshiden,PS4,2016,Misc,Tecmo Koei,0,0,0.04,0,0.04
13492,Dead Island Definitive Collection,XOne,2016,Action,Deep Silver,0.02,0.02,0,0,0.04
13494,Rugby Challenge 3,PS3,2016,Sports,Alternative Software,0,0.04,0,0.01,0.04
13510,Sébastien Loeb Rally Evo,PS4,2016,Racing,Milestone S.r.l,0,0.04,0,0.01,0.04
13531,R.B.I. Baseball 2016,XOne,2016,Sports,MLB.com,0.04,0,0,0,0.04
13564,Life is Strange,PC,2016,Adventure,Square Enix,0.01,0.03,0,0,0.04
13598,Card Fight!! Vanguard G: Stride to Victory!!,3DS,2016,Misc,FuRyu,0,0,0.04,0,0.04
13604,Refrain no Chika Meikyuu to Majo no Ryodan,PSV,2016,Action,Nippon Ichi Software,0,0,0.04,0,0.04
13616,Utawarerumono: Futari no Hakuoro,PS4,2016,Misc,Aqua Plus,0,0,0.04,0,0.04
13622,Kamen Rider: Battride War Genesis,PS3,2016,Action,Namco Bandai Games,0,0,0.04,0,0.04
13649,Hitman (2016),PS4,2016,Action,Square Enix,0,0.04,0,0.01,0.04
13652,7 Days to Die,XOne,2016,Action,Telltale Games,0.02,0.02,0,0,0.04
13704,XCOM 2,PS4,2016,Strategy,Take-Two Interactive,0.01,0.02,0,0.01,0.04
13765,One Piece: Burning Blood,XOne,2016,Fighting,Namco Bandai Games,0.03,0.01,0,0,0.04
13791,Star Ocean 5: Integrity and Faithlessness,PS3,2016,Role-Playing,Square Enix,0,0,0.04,0,0.04
13847,Haikyu!! Cross Team Match!,3DS,2016,Adventure,Namco Bandai Games,0,0,0.04,0,0.04
13870,Nobunaga's Ambition: Sphere of Influence - Sengoku Risshiden,PSV,2016,Misc,Tecmo Koei,0,0,0.04,0,0.04
13873,Song of the Deep,XOne,2016,Action,Insomniac Games,0.03,0,0,0,0.04
13883,Rugby Challenge 3,PS4,2016,Sports,Alternative Software,0,0.03,0,0.01,0.04
13887,Hatsune Miku: Project Diva X,PS4,2016,Misc,Sega,0.01,0,0.02,0,0.04
13888,Bullet Girls 2,PSV,2016,Action,D3Publisher,0,0,0.04,0,0.04
13952,Resident Evil 6,XOne,2016,Shooter,Capcom,0.03,0,0,0,0.04
13983,Doraemon: Shin Nobita no Nihon Tanjou,3DS,2016,Misc,FuRyu,0,0,0.04,0,0.04
13996,Destiny: The Collection,XOne,2016,Shooter,Activision,0.01,0.02,0,0,0.04
14007,12-Sai. Koisuru Diary,3DS,2016,Adventure,Happinet,0,0,0.04,0,0.04
14075,Aegis of Earth: Protonovus Assault,PSV,2016,Action,PQube,0.02,0.01,0,0.01,0.04
14094,Batman: A Telltale Game Series,PS4,2016,Adventure,Telltale Games,0.01,0.02,0,0.01,0.04
14140,Resident Evil 4 HD,PS4,2016,Shooter,Capcom,0.03,0,0,0.01,0.03
14180,Nobunaga's Ambition: Sphere of Influence - Sengoku Risshiden,PS3,2016,Misc,Tecmo Koei,0,0,0.03,0,0.03
14188,Teenage Mutant Ninja Turtles: Mutants in Manhattan,XOne,2016,Action,Activision,0.02,0.01,0,0,0.03
14204,Dead or Alive Xtreme 3: Venus,PSV,2016,Sports,Tecmo Koei,0,0,0.03,0,0.03
14236,NASCAR Heat Evolution,PS4,2016,Racing,Dusenberry Martin Racing,0.03,0,0,0.01,0.03
14304,Metroid Prime: Federation Force,3DS,2016,Action,Nintendo,0.02,0.01,0.01,0,0.03
14309,Sonic Boom: Fire & Ice,3DS,2016,Platform,Sega,0.03,0,0,0,0.03
14316,Gakusen Toshi Asterisk Festa: Houka Kenran,PSV,2016,Fighting,Namco Bandai Games,0,0,0.03,0,0.03
14386,Hearts of Iron IV,PC,2016,Strategy,Paradox Interactive,0,0.03,0,0,0.03
14430,Summon Night 6: Lost Borders,PS4,2016,Action,Namco Bandai Games,0,0,0.03,0,0.03
14466,Atelier Shallie Plus: Alchemists of the Dusk Sea,PSV,2016,Role-Playing,Tecmo Koei,0,0,0.03,0,0.03
14485,Teenage Mutant Ninja Turtles: Mutants in Manhattan,X360,2016,Action,Activision,0.01,0.02,0,0,0.03
14533,Need for Speed (2015),PC,2016,Racing,Electronic Arts,0,0.03,0,0,0.03
14558,Pro Cycling Manager 2016,PC,2016,Sports,Focus Home Interactive,0,0.03,0,0,0.03
14612,Attack on Titan (KOEI),XOne,2016,Action,Tecmo Koei,0.01,0.01,0,0,0.03
14613,Medabots Girls Mission: Metabee Ver. / Rokusho Ver.,3DS,2016,Role-Playing,Rocket Company,0,0,0.03,0,0.03
14617,My Hero Academia: Battle for All,3DS,2016,Action,Namco Bandai Games,0,0,0.03,0,0.03
14638,Stellaris,PC,2016,Strategy,Paradox Interactive,0,0.03,0,0,0.03
14643,Ao no Kanata no Four Rhythm,PSV,2016,Adventure,Unknown,0,0,0.03,0,0.03
14683,Ghostbusters (2016),PS4,2016,Action,Activision,0.02,0,0,0.01,0.03
14695,Darius Burst: Chronicle Saviours,PSV,2016,Action,Kadokawa Games,0,0,0.03,0,0.03
14721,Aegis of Earth: Protonovus Assault,PS3,2016,Action,PQube,0.01,0.01,0,0,0.03
14741,Pro Evolution Soccer 2017,XOne,2016,Sports,Konami Digital Entertainment,0,0.02,0,0,0.03
14758,DiRT Rally,PC,2016,Racing,Codemasters,0,0.03,0,0,0.03
14779,3DS Classic Collection,3DS,2016,Misc,Sega,0.02,0,0,0,0.03
14814,Sengoku Basara: Sanada Yukimura-Den,PS4,2016,Action,Capcom,0,0,0.03,0,0.03
14850,Terraria,WiiU,2016,Action,505 Games,0,0.02,0,0,0.03
14870,Diabolik Lovers: Lunatic Parade,PSV,2016,Adventure,Idea Factory,0,0,0.03,0,0.03
14899,Psycho-Pass: Mandatory Happiness,PS4,2016,Adventure,Nippon Ichi Software,0.02,0,0,0,0.03
14912,Yuusha Shisu.,PSV,2016,Role-Playing,Nippon Ichi Software,0,0,0.02,0,0.02
14916,Ghostbusters (2016),XOne,2016,Action,Activision,0.02,0,0,0,0.02
14958,Naruto Shippuden: Ultimate Ninja Storm Collection,PS3,2016,Action,Namco Bandai Games,0,0.02,0,0,0.02
14969,Bus Simulator 16,PC,2016,Simulation,Astragon,0,0.02,0,0,0.02
14971,Teddy Together,3DS,2016,Simulation,Nintendo,0,0.02,0,0,0.02
14986,Rugby Challenge 3,X360,2016,Sports,Alternative Software,0,0.02,0,0,0.02
15009,Kenka Bancho Otome,PSV,2016,Action,Screenlife,0,0,0.02,0,0.02
15019,TV Anime Idolm@ster: Cinderella Girls G4U! Pack Vol.9,PS3,2016,Misc,Namco Bandai Games,0,0,0.02,0,0.02
15039,Tokyo Xanadu eX+,PS4,2016,Role-Playing,Nihon Falcom Corporation,0,0,0.02,0,0.02
15055,NASCAR Heat Evolution,XOne,2016,Racing,Dusenberry Martin Racing,0.02,0,0,0,0.02
15073,La Corda d'Oro 4,PSV,2016,Action,Tecmo Koei,0,0,0.02,0,0.02
15085,Prison Architect,PS4,2016,Action,Introversion Software,0.01,0.01,0,0,0.02
15099,Genkai Tokki: Seven Pirates,PSV,2016,Role-Playing,Compile Heart,0,0,0.02,0,0.02
15153,Rocket League,PC,2016,Sports,505 Games,0.01,0.01,0,0,0.02
15169,Aegis of Earth: Protonovus Assault,PS4,2016,Action,PQube,0.02,0,0,0,0.02
15187,Sengoku Otome: Legend Battle,PSV,2016,Action,Unknown,0,0,0.02,0,0.02
15206,Valentino Rossi: The Game,XOne,2016,Racing,Namco Bandai Games,0,0.02,0,0,0.02
15284,Hyakka Hyakurou: Sengoku Ninpoujou,PSV,2016,Adventure,D3Publisher,0,0,0.02,0,0.02
15295,Gochuumon wa Usagi Desu ka?? Wonderful Party!,PSV,2016,Adventure,5pb,0,0,0.02,0,0.02
15303,F1 2016 (Codemasters),PC,2016,Racing,Codemasters,0,0.02,0,0,0.02
15341,Dead Rising,PS4,2016,Action,Capcom,0.01,0,0,0,0.02
15342,Homefront: The Revolution,PC,2016,Shooter,Deep Silver,0,0.02,0,0,0.02
15344,The Technomancer,XOne,2016,Role-Playing,Focus Home Interactive,0.01,0.01,0,0,0.02
15372,The Legend of Heroes: Trails in the Sky Third Chapter,PSV,2016,Role-Playing,Nihon Falcom Corporation,0,0,0.02,0,0.02
15397,Anima - Gate of Memories,PS4,2016,Action,Avanquest,0,0.02,0,0,0.02
15403,Psycho-Pass: Mandatory Happiness,PSV,2016,Adventure,Nippon Ichi Software,0,0.01,0.01,0,0.02
15406,Resident Evil: Umbrella Corps,PS4,2016,Action,Capcom,0,0,0.02,0,0.02
15412,Deus Ex: Mankind Divided,PC,2016,Role-Playing,Square Enix,0,0.02,0,0,0.02
15418,RollerCoaster Tycoon World,PC,2016,Simulation,Atari,0,0.02,0,0,0.02
15440,Resident Evil Zero,PC,2016,Action,Capcom,0.01,0.01,0,0,0.02
15467,Dino Dini's Kick Off Revival,PS4,2016,Sports,Avanquest,0,0.02,0,0,0.02
15469,Mighty No. 9,WiiU,2016,Platform,Deep Silver,0.01,0.01,0,0,0.02
15473,Agatha Christie: The ABC Murders,PC,2016,Adventure,Microids,0,0.02,0,0,0.02
15478,Black Rose Valkyrie,PS4,2016,Role-Playing,Idea Factory,0,0,0.02,0,0.02
15484,Agatha Christie's The ABC Murders,PS4,2016,Adventure,Microids,0.01,0.01,0,0,0.02
15499,Rose to Tasogare no Kojou,PSV,2016,Action,Nippon Ichi Software,0,0,0.02,0,0.02
15510,Sengoku Basara: Sanada Yukimura-Den,PS3,2016,Action,Capcom,0,0,0.02,0,0.02
15511,Hakuoki: Shinkai - Hana no Shou,PSV,2016,Adventure,Idea Factory,0,0,0.02,0,0.02
15569,TV Anime Idolm@ster: Cinderella Girls G4U! Pack Vol.8,PS3,2016,Misc,Namco Bandai Games,0,0,0.02,0,0.02
15601,Call of Duty: Modern Warfare Trilogy,PS3,2016,Shooter,Activision,0,0.01,0,0,0.02
15616,Toukiden 2,PS3,2016,Action,Tecmo Koei,0,0,0.02,0,0.02
15661,Song of the Deep,PC,2016,Action,Insomniac Games,0.02,0,0,0,0.02
15687,Winning Post 8 2016,PS4,2016,Simulation,Tecmo Koei,0,0,0.02,0,0.02
15717,This War of Mine,PS4,2016,Action,Deep Silver,0,0.01,0,0,0.02
15719,Nil Admirari no Tenbin: Teito Genwaku Toukidan,PSV,2016,Adventure,Idea Factory,0,0,0.02,0,0.02
15723,Arslan: The Warriors of Legend,XOne,2016,Action,Tecmo Koei,0.01,0,0,0,0.02
15729,Revolution: 25th Anniversary Collection,PC,2016,Adventure,Koch Media,0,0.02,0,0,0.02
15791,"Moshi, Kono Sekai ni Kami-sama ga Iru to suru Naraba.",PSV,2016,Adventure,N/A,0,0,0.02,0,0.02
15804,XCOM 2,XOne,2016,Strategy,Take-Two Interactive,0.01,0.01,0,0,0.02
15807,Call of Duty: Modern Warfare Trilogy,X360,2016,Shooter,Activision,0.01,0.01,0,0,0.02
15855,Assault Suit Leynos,PS4,2016,Shooter,Rising Star Games,0.01,0,0,0,0.02
15865,Taishou Moebius Line Vitable,PSV,2016,Adventure,dramatic create,0,0,0.02,0,0.02
15888,MuvLuv Double Pack,PSV,2016,Adventure,5pb,0,0,0.02,0,0.02
15889,Koihime Enbu,PS4,2016,Fighting,Yeti,0,0,0.02,0,0.02
15943,Worms: WMD,PS4,2016,Action,Sold Out,0.01,0.01,0,0,0.02
15947,Storm Lover 2nd V,PSV,2016,Adventure,D3Publisher,0,0,0.02,0,0.02
15949,Touhou Genso Rondo: Bullet Ballet,PS4,2016,Shooter,Nippon Ichi Software,0.01,0,0,0,0.02
15984,Coven and Labyrinth of Refrain,PSV,2016,Action,Nippon Ichi Software,0,0,0.01,0,0.01
15985,Super Battle For Money Sentouchuu: Kyuukyoku no Shinobu to Battle Player Choujou Kessen!,3DS,2016,Action,Namco Bandai Games,0,0,0.01,0,0.01
16001,One Piece: Daikaizoku Coliseum,3DS,2016,Fighting,Namco Bandai Games,0,0,0.01,0,0.01
16022,God Eater Off Shot: Soma Shikkuzaru-hen Twin Pack & Animation Vol.4,PS4,2016,Action,Namco Bandai Games,0,0,0.01,0,0.01
16023,Uppers,PSV,2016,Action,Marvelous Entertainment,0,0,0.01,0,0.01
16031,Wand of Fortune R,PSV,2016,Adventure,Idea Factory,0,0,0.01,0,0.01
16039,Utawarerumono: Futari no Hakuoro,PS3,2016,Misc,Aqua Plus,0,0,0.01,0,0.01
16051,God Eater Off Shot:Shiou-hen Twin Pack & Animation Vol.5,PS4,2016,Misc,Namco Bandai Games,0,0,0.01,0,0.01
16054,Battle Worlds: Kronos,PC,2016,Strategy,Nordic Games,0,0.01,0,0,0.01
16098,Resident Evil 5 HD,PS4,2016,Action,Capcom,0.01,0,0,0,0.01
16136,Collar x Malice,PSV,2016,Action,Idea Factory,0,0,0.01,0,0.01
16139,Dragon's Dogma Online: Season 2,PS4,2016,Action,Capcom,0,0,0.01,0,0.01
16178,Republique,PS4,2016,Action,Nippon Ichi Software,0,0.01,0.01,0,0.01
16206,Shin Hayarigami 2,PSV,2016,Adventure,Nippon Ichi Software,0,0,0.01,0,0.01
16223,Dynasty Warriors: Eiketsuden,PS4,2016,Action,Tecmo Koei,0,0,0.01,0,0.01
16225,Carmageddon: Max Damage,XOne,2016,Action,Stainless Games,0.01,0.01,0,0,0.01
16227,New Interpretation Stranger of Sword City,PSV,2016,Role-Playing,Experience Inc.,0,0,0.01,0,0.01
16238,Shitsuji ga Aruji o Erabu Toki,PSV,2016,Adventure,Unknown,0,0,0.01,0,0.01
16239,Batman: A Telltale Game Series,PS3,2016,Adventure,Telltale Games,0,0.01,0,0,0.01
16247,Valentino Rossi: The Game,PC,2016,Racing,Namco Bandai Games,0,0.01,0,0,0.01
16255,The Book of Unwritten Tales 2,WiiU,2016,Adventure,Nordic Games,0,0.01,0,0,0.01
16263,Paragon,PS4,2016,Action,Epic Games,0.01,0,0,0,0.01
16279,Assetto Corsa,XOne,2016,Racing,505 Games,0,0.01,0,0,0.01
16293,Sangoku Koi Senki: Omoide Gaeshi - CS Edition,PSV,2016,Adventure,Prototype,0,0,0.01,0,0.01
16322,Period Cube: Torikago no Amadeus,PSV,2016,Action,Idea Factory,0,0,0.01,0,0.01
16326,MXGP 2,PC,2016,Racing,Milestone S.r.l.,0,0.01,0,0,0.01
16347,Cities: Skylines Snowfall,PC,2016,Simulation,Paradox Development,0,0.01,0,0,0.01
16370,Dance with Devils,PSV,2016,Action,N/A,0,0,0.01,0,0.01
16389,TrackMania Turbo,PC,2016,Action,Ubisoft,0,0.01,0,0,0.01
16402,The Technomancer,PC,2016,Role-Playing,Focus Home Interactive,0,0.01,0,0,0.01
16432,Goat Simulator,XOne,2016,Simulation,Koch Media,0,0.01,0,0,0.01
16434,Kamigami no Asobi InFinite,PSV,2016,Adventure,Broccoli,0,0,0.01,0,0.01
16451,Assassin's Creed Chronicles,XOne,2016,Action,Ubisoft,0,0.01,0,0,0.01
16475,Azure Striker Gunvolt: Striker Pack,3DS,2016,Action,Inti Creates,0,0,0.01,0,0.01
16477,Total War Attila: Tyrants & Kings,PC,2016,Strategy,Koch Media,0,0.01,0,0,0.01
16533,Sébastien Loeb Rally Evo,XOne,2016,Racing,Milestone S.r.l,0,0.01,0,0,0.01
16534,Hitman (2016),XOne,2016,Action,Square Enix,0,0.01,0,0,0.01
16553,God Eater Off Shot: Tachibana Sakuya-hen Twin Pack & Animation Vol.7,PS4,2016,Action,Namco Bandai Games,0,0,0.01,0,0.01
16558,Codename: Panzers Complete Collection,PC,2016,Strategy,Nordic Games,0,0.01,0,0,0.01
16565,Mighty No. 9,XOne,2016,Platform,Deep Silver,0.01,0,0,0,0.01
16572,Resident Evil 4 HD,XOne,2016,Shooter,Capcom,0.01,0,0,0,0.01
16573,Farming 2017 - The Simulation,PS4,2016,Simulation,UIG Entertainment,0,0.01,0,0,0.01
16579,Rugby Challenge 3,XOne,2016,Sports,Alternative Software,0,0.01,0,0,0.01
16592,Chou Ezaru wa Akai Hana: Koi wa Tsuki ni Shirube Kareru,PSV,2016,Action,dramatic create,0,0,0.01,0,0.01
